{"cameraMode":{"drawMode":0,"name":"Shaded","section":"Shading Mode"},"sceneLighting":true,"audioPlay":false,"sceneViewState":{"m_AlwaysRefresh":false,"showFog":true,"showSkybox":true,"showFlares":true,"showImageEffects":true,"showParticleSystems":true,"showVisualEffectGraphs":true,"m_FxEnabled":true},"in2DMode":false,"pivot":{"x":0.21815593540668488,"y":-1.1838858127593995,"z":2.367888927459717},"rotation":{"x":0.3202454447746277,"y":-0.17316125333309174,"z":0.059660255908966067,"w":0.9294653534889221},"size":4.098884105682373,"orthographic":false}