{"cameraMode":{"drawMode":0,"name":"Shaded","section":"Shading Mode"},"sceneLighting":true,"audioPlay":false,"sceneViewState":{"m_AlwaysRefresh":false,"showFog":true,"showSkybox":true,"showFlares":true,"showImageEffects":true,"showParticleSystems":true,"showVisualEffectGraphs":true,"m_FxEnabled":true},"in2DMode":false,"pivot":{"x":654.9257202148438,"y":538.5447998046875,"z":39.69167709350586},"rotation":{"x":-0.0722433403134346,"y":-0.009876803494989872,"z":0.0007152461330406368,"w":-0.9973389506340027},"size":993.8002319335938,"orthographic":false}