{"cameraMode":{"drawMode":0,"name":"Shaded","section":"Shading Mode"},"sceneLighting":true,"audioPlay":false,"sceneViewState":{"m_AlwaysRefresh":false,"showFog":true,"showSkybox":true,"showFlares":true,"showImageEffects":true,"showParticleSystems":true,"showVisualEffectGraphs":true,"m_FxEnabled":true},"in2DMode":false,"pivot":{"x":4.4006500244140629,"y":0.9693785309791565,"z":-0.025982394814491273},"rotation":{"x":-0.20849871635437013,"y":-0.12518879771232606,"z":0.02691997028887272,"w":-0.9696036577224731},"size":3.466141700744629,"orthographic":false}