{"cameraMode":{"drawMode":0,"name":"Shaded","section":"Shading Mode"},"sceneLighting":true,"audioPlay":false,"sceneViewState":{"m_AlwaysRefresh":false,"showFog":true,"showSkybox":true,"showFlares":true,"showImageEffects":true,"showParticleSystems":true,"showVisualEffectGraphs":true,"m_FxEnabled":true},"in2DMode":false,"pivot":{"x":2.2894814014434816,"y":-1.7207635641098023,"z":0.3985382318496704},"rotation":{"x":-0.1021304577589035,"y":-0.0038819587789475919,"z":0.00039855411159805954,"w":-0.9947640895843506},"size":10.017112731933594,"orthographic":false}