{"cameraMode":{"drawMode":0,"name":"Shaded","section":"Shading Mode"},"sceneLighting":true,"audioPlay":false,"sceneViewState":{"m_AlwaysRefresh":false,"showFog":true,"showSkybox":true,"showFlares":true,"showImageEffects":true,"showParticleSystems":true,"showVisualEffectGraphs":true,"m_FxEnabled":true},"in2DMode":false,"pivot":{"x":5.4602556228637699,"y":-1.5581380128860474,"z":-0.40130066871643069},"rotation":{"x":-0.09444644302129746,"y":-0.06804229319095612,"z":0.006470380816608667,"w":-0.9931819438934326},"size":11.461091995239258,"orthographic":false}