{"cameraMode":{"drawMode":0,"name":"Shaded","section":"Shading Mode"},"sceneLighting":true,"audioPlay":false,"sceneViewState":{"m_AlwaysRefresh":false,"showFog":true,"showSkybox":true,"showFlares":true,"showImageEffects":true,"showParticleSystems":true,"showVisualEffectGraphs":true,"m_FxEnabled":true},"in2DMode":false,"pivot":{"x":-1.9148509502410889,"y":-0.5014205574989319,"z":-0.8923344016075134},"rotation":{"x":-0.24727873504161836,"y":0.19658708572387696,"z":-0.05131462588906288,"w":-0.9474121928215027},"size":10.527101516723633,"orthographic":true}