{"cameraMode":{"drawMode":0,"name":"Shaded","section":"Shading Mode"},"sceneLighting":true,"audioPlay":false,"sceneViewState":{"m_AlwaysRefresh":false,"showFog":true,"showSkybox":true,"showFlares":true,"showImageEffects":true,"showParticleSystems":true,"showVisualEffectGraphs":true,"m_FxEnabled":true},"in2DMode":false,"pivot":{"x":1547.0633544921875,"y":533.469482421875,"z":48.668819427490237},"rotation":{"x":-0.0707383006811142,"y":0.018549373373389245,"z":-0.001315555302426219,"w":-0.9973225593566895},"size":539.1544189453125,"orthographic":false}