{"cameraMode":{"drawMode":0,"name":"Shaded","section":"Shading Mode"},"sceneLighting":false,"audioPlay":false,"sceneViewState":{"m_AlwaysRefresh":false,"showFog":true,"showSkybox":false,"showFlares":true,"showImageEffects":true,"showParticleSystems":true,"showVisualEffectGraphs":true,"m_FxEnabled":true},"in2DMode":false,"pivot":{"x":-0.022414416074752809,"y":1.6523497104644776,"z":-0.3587813377380371},"rotation":{"x":0.0012010160135105253,"y":0.9985484480857849,"z":0.047657325863838199,"w":-0.025167139247059823},"size":3.1485257148742677,"orthographic":false}