{"cameraMode":{"drawMode":0,"name":"Shaded","section":"Shading Mode"},"sceneLighting":false,"audioPlay":false,"sceneViewState":{"m_AlwaysRefresh":false,"showFog":true,"showSkybox":false,"showFlares":true,"showImageEffects":true,"showParticleSystems":true,"showVisualEffectGraphs":true,"m_FxEnabled":true},"in2DMode":false,"pivot":{"x":0.059973761439323428,"y":0.9960485100746155,"z":-0.47246265411376955},"rotation":{"x":0.00048181257443502545,"y":0.9980626106262207,"z":-0.06176851689815521,"w":0.007786664180457592},"size":3.4853875637054445,"orthographic":false}