{"cameraMode":{"drawMode":0,"name":"Shaded","section":"Shading Mode"},"sceneLighting":false,"audioPlay":false,"sceneViewState":{"m_AlwaysRefresh":false,"showFog":true,"showSkybox":false,"showFlares":true,"showImageEffects":true,"showParticleSystems":true,"showVisualEffectGraphs":true,"m_FxEnabled":true},"in2DMode":false,"pivot":{"x":3.151378870010376,"y":-0.12720656394958497,"z":0.7090836763381958},"rotation":{"x":-0.5348327159881592,"y":0.003039753995835781,"z":-0.0019248089520260692,"w":-0.8449573516845703},"size":0.46676358580589297,"orthographic":false}