{"cameraMode":{"drawMode":0,"name":"Shaded","section":"Shading Mode"},"sceneLighting":true,"audioPlay":false,"sceneViewState":{"m_AlwaysRefresh":false,"showFog":true,"showSkybox":true,"showFlares":true,"showImageEffects":true,"showParticleSystems":true,"showVisualEffectGraphs":true,"m_FxEnabled":true},"in2DMode":false,"pivot":{"x":0.5642338395118713,"y":-12.24343490600586,"z":-1.1972533464431763},"rotation":{"x":-0.45639368891716006,"y":-0.03415536507964134,"z":0.017536329105496408,"w":-0.8889646530151367},"size":25.056800842285158,"orthographic":false}