{"cameraMode":{"drawMode":0,"name":"Shaded","section":"Shading Mode"},"sceneLighting":false,"audioPlay":false,"sceneViewState":{"m_AlwaysRefresh":false,"showFog":true,"showSkybox":false,"showFlares":true,"showImageEffects":true,"showParticleSystems":true,"showVisualEffectGraphs":true,"m_FxEnabled":true},"in2DMode":false,"pivot":{"x":-1.99200439453125,"y":1.3307355642318726,"z":-0.2728401720523834},"rotation":{"x":0.001408310024999082,"y":0.9978326559066773,"z":-0.061754338443279269,"w":0.022756224498152734},"size":2.576249122619629,"orthographic":false}