{"cameraMode":{"drawMode":0,"name":"Shaded","section":"Shading Mode"},"sceneLighting":false,"audioPlay":false,"sceneViewState":{"m_AlwaysRefresh":false,"showFog":true,"showSkybox":false,"showFlares":true,"showImageEffects":true,"showParticleSystems":true,"showVisualEffectGraphs":true,"m_FxEnabled":true},"in2DMode":false,"pivot":{"x":-0.00013685226440429688,"y":0.7022915482521057,"z":0.005415558815002441},"rotation":{"x":-0.023419957607984544,"y":0.9760570526123047,"z":-0.13586556911468507,"w":-0.16824868321418763},"size":1.0980525016784669,"orthographic":false}